"ID","User ID","Check In Date","Check Out Date","Room ID"
"d29102cf-63c1-4b9f-99fc-a66f623bf24c","2232-05-27","2132-05-30","61a00335-9393-4155-b2aa-0ed324695454"
"d29102cf-63c1-4b9f-99fc-a66f623bf24c","2232-05-27","2132-05-30","61a00335-9393-4155-b2aa-0ed324695454"
"d29102cf-63c1-4b9f-99fc-a66f623bf24c","2232-05-27","2132-05-30","61a00335-9393-4155-b2aa-0ed324695454"
"d29102cf-63c1-4b9f-99fc-a66f623bf24c","2232-05-27","2132-05-30","61a00335-9393-4155-b2aa-0ed324695454"
"d29102cf-63c1-4b9f-99fc-a66f623bf24c","2222-05-27","2432-05-30","61a00335-9393-4155-b2aa-0ed324695454"
"d29102cf-63c1-4b9f-99fc-a66f623bf24c","2222-05-27","2432-05-30","61a00335-9393-4155-b2aa-0ed324695454"
"d29102cf-63c1-4b9f-99fc-a66f623bf24c","2222-05-27","2432-05-30","61a00335-9393-4155-b2aa-0ed324695454"
"d29102cf-63c1-4b9f-99fc-a66f623bf24c","2222-05-27","2432-05-30","61a00335-9393-4155-b2aa-0ed324695454"
"d29102cf-63c1-4b9f-99fc-a66f623bf24c","2222-05-27","2432-05-30","61a00335-9393-4155-b2aa-0ed324695454"
